actor_loss,advantages,all_finite,battle_transition,battle_victory,enemy_battle_transition,entropy,episode_success_rate,episode_wins,episodes,mean_episode_length,mean_episode_return,player_battle_transition,pred_value,target_value,value_loss,training_steps,training_seconds
-0.009424840100109577,2.2888182460434336e-09,1.0,68118.0,4704.0,23100.0,1.6165270805358887,0.0,0.0,108.0,327.3888854980469,6.556288242340088,42808.0,1.5744680166244507,1.5907679796218872,0.056066740304231644,250000,0.6905247400009102
-0.007962210103869438,-1.9866943645752144e-08,1.0,27529.0,2718.0,9806.0,1.740689992904663,0.5565217137336731,64.0,115.0,1353.0521240234375,22.296119689941406,17625.0,1.24894380569458,1.252029538154602,0.03892740234732628,500000,1.2692140150011255
-0.00587204797193408,-1.647949221528222e-09,1.0,35467.0,3939.0,12263.0,1.7146340608596802,0.7475247383117676,151.0,202.0,1595.3316650390625,23.776676177978516,23165.0,1.6158511638641357,1.6181994676589966,0.05641718581318855,750000,1.8237204760007444
-0.0034685488790273666,-8.087158165359654e-10,1.0,41744.0,4764.0,14120.0,1.6275204420089722,0.707207202911377,157.0,222.0,1256.1126708984375,23.756893157958984,27596.0,1.890621542930603,1.887845754623413,0.06328879296779633,1000000,2.377466275000188
-0.0038056294433772564,1.4953612792467652e-09,1.0,31174.0,3765.0,10556.0,1.704688549041748,0.8048780560493469,165.0,205.0,1329.54638671875,25.39382553100586,20605.0,1.4759172201156616,1.478145718574524,0.052832793444395065,1250000,2.9400591530011297
-0.003370995633304119,-1.1596679172498625e-09,1.0,42684.0,4617.0,15012.0,1.5774004459381104,0.5987654328346252,97.0,162.0,943.6666870117188,22.07707977294922,27660.0,1.6491899490356445,1.6512517929077148,0.04968523234128952,1500000,3.5239214490011364
-0.0035963882692158222,2.5329589536937647e-09,1.0,43335.0,5164.0,14597.0,1.542115330696106,0.7758007049560547,218.0,281.0,1367.377197265625,25.468894958496094,28733.0,1.7650842666625977,1.7728605270385742,0.06774486601352692,1750000,4.1125551490004
-0.0022689825855195522,-2.5939941306063474e-09,1.0,55525.0,6320.0,19145.0,1.4209412336349487,0.7692307829856873,230.0,299.0,862.3043212890625,25.405059814453125,36374.0,2.181473970413208,2.180657148361206,0.07064150273799896,2000000,4.680543305001265
-0.001674786675721407,-1.3732910641994778e-10,1.0,57627.0,6650.0,19693.0,1.3785873651504517,0.7427652478218079,231.0,311.0,778.848876953125,24.64830780029297,37928.0,2.2815487384796143,2.2791249752044678,0.0720604881644249,2250000,5.262578727002619
-0.002044710563495755,4.898071281900229e-09,1.0,68276.0,7895.0,23288.0,1.2411836385726929,0.7589041590690613,277.0,365.0,790.8876953125,24.911211013793945,44987.0,2.5715138912200928,2.570596933364868,0.07934728264808655,2500000,5.807817276003334
-0.0017196988919749856,1.220703121918021e-10,1.0,74887.0,8624.0,25625.0,1.1606180667877197,0.7783375978469849,309.0,397.0,609.1536865234375,25.245357513427734,49257.0,2.9027769565582275,2.9003994464874268,0.07698880881071091,2750000,6.350698731002922
-0.0018939084839075804,1.1291504398158736e-09,1.0,78644.0,9057.0,26732.0,1.1112234592437744,0.7712264060974121,327.0,424.0,649.3231201171875,25.067638397216797,51910.0,3.0100479125976562,3.0061075687408447,0.08571469783782959,3000000,6.891290844003379
-0.0011350500863045454,-1.281738271075028e-09,1.0,100455.0,11701.0,34114.0,0.8824514746665955,0.7781885266304016,421.0,541.0,502.6598815917969,25.13629913330078,66337.0,3.7924232482910156,3.7867159843444824,0.09975671768188477,3250000,7.431658344004973
-0.0009523092885501683,-3.6621095045319407e-10,1.0,110762.0,12886.0,37608.0,0.7688132524490356,0.7831932902336121,466.0,595.0,441.8134460449219,25.40086555480957,73153.0,4.157521724700928,4.152982234954834,0.09568729251623154,3500000,7.975338609005121
-0.0007149738376028836,-1.5869140446156393e-09,1.0,116186.0,13398.0,39576.0,0.7122312784194946,0.7716150283813477,473.0,613.0,406.34912109375,24.907289505004883,76607.0,4.325862884521484,4.3173136711120605,0.10512518882751465,3750000,8.524840957004926
-0.0010281752329319715,9.307861148499796e-10,1.0,118933.0,13828.0,40418.0,0.6661897301673889,0.7706708312034607,494.0,641.0,393.6926574707031,24.76024055480957,78513.0,4.396560192108154,4.38852596282959,0.11286595463752747,4000000,9.066977920005229
-0.0009407462785020471,-1.8920898181562507e-09,1.0,121232.0,14036.0,41024.0,0.6531983613967896,0.7878314852714539,505.0,641.0,389.7098388671875,25.084781646728516,80206.0,4.481770038604736,4.47749662399292,0.10672710090875626,4250000,9.608201543005634
-0.0009550997638143599,1.8005370527873765e-09,1.0,125249.0,14500.0,42460.0,0.5945558547973633,0.7896296381950378,533.0,675.0,378.61334228515625,24.971044540405273,82786.0,4.583198547363281,4.5748820304870605,0.11024083197116852,4500000,10.150480580005024
-0.0007394231506623328,-1.4038086249001935e-09,1.0,128129.0,14815.0,43221.0,0.5690310001373291,0.771386444568634,523.0,678.0,365.4454345703125,24.733720779418945,84907.0,4.6621623039245605,4.653744697570801,0.11187264323234558,4750000,10.705716203005068
-0.0007720159483142197,-1.4953612792467652e-09,1.0,128659.0,15093.0,42913.0,0.5482932925224304,0.8107714653015137,557.0,687.0,368.0829772949219,25.37751579284668,85743.0,4.718850135803223,4.713913917541504,0.10323474556207657,5000000,11.278770935005014
-0.0009074764675460756,-2.563476542150056e-09,1.0,130480.0,15165.0,43660.0,0.5413888692855835,0.8076358437538147,550.0,681.0,363.5609436035156,25.432130813598633,86820.0,4.732176780700684,4.725139141082764,0.09632318466901779,5250000,11.82776761000423
-0.0008109028567560017,-1.0528564686751452e-09,1.0,131656.0,15411.0,43736.0,0.5101351737976074,0.8049132823944092,557.0,692.0,361.00433349609375,25.51842498779297,87919.0,4.812586784362793,4.8065948486328125,0.09468593448400497,5500000,12.373345490002976
-0.000924453663174063,3.9672851115390984e-10,1.0,131598.0,15454.0,43340.0,0.5104358792304993,0.832848846912384,573.0,688.0,359.53778076171875,25.822010040283203,88258.0,4.795814037322998,4.790924549102783,0.09094035625457764,5750000,12.919841677003205
-0.0007373192929662764,-9.15527320621834e-10,1.0,135426.0,15801.0,44843.0,0.4747265577316284,0.7800830006599426,564.0,723.0,359.3042907714844,24.967731475830078,90583.0,4.892498970031738,4.883829116821289,0.11100316792726517,6000000,13.46629884700451
-0.0007737742853350937,3.356933619969027e-10,1.0,136334.0,16085.0,44541.0,0.45594027638435364,0.8138889074325562,586.0,720.0,346.0375061035156,25.493566513061523,91793.0,4.968526840209961,4.961874008178711,0.10160855948925018,6250000,14.033652119003818
-0.0008119371486827731,-8.850097876766938e-10,1.0,138055.0,16135.0,45281.0,0.45026808977127075,0.8071625232696533,586.0,726.0,347.1267395019531,25.49532699584961,92772.0,4.979687213897705,4.974277019500732,0.10015195608139038,6500000,14.58642423600395
-0.0006023189052939415,7.934570223078197e-10,1.0,140038.0,16587.0,45584.0,0.43884167075157166,0.8186739087104797,605.0,739.0,336.3437194824219,25.508316040039062,94452.0,5.093389987945557,5.088457107543945,0.10087888687849045,6750000,15.12691472300321
-0.001000243122689426,-6.103515470812226e-10,1.0,141147.0,16656.0,46203.0,0.44271326065063477,0.7875165939331055,593.0,753.0,336.8924255371094,25.40696144104004,94944.0,5.087264060974121,5.080639362335205,0.10571702569723129,7000000,15.666928042002837
-0.000842659326735884,-1.4038086249001935e-09,1.0,138460.0,16375.0,44926.0,0.4559582471847534,0.8083333373069763,582.0,720.0,342.61529541015625,25.669527053833008,93534.0,4.9632158279418945,4.960079193115234,0.09447228908538818,7250000,16.23079248000431
-0.0007621865370310843,1.007080085990708e-09,1.0,140629.0,16701.0,45834.0,0.43729087710380554,0.804780900478363,606.0,753.0,339.13812255859375,25.692066192626953,94795.0,4.971108913421631,4.965216159820557,0.09593057632446289,7500000,16.80180366100467
-0.0008687592926435173,7.78198228079674e-10,1.0,141400.0,16798.0,45776.0,0.4532989263534546,0.801886796951294,595.0,742.0,333.35577392578125,25.50710678100586,95624.0,4.987117290496826,4.9826979637146,0.09759366512298584,7750000,17.342915826004173
-0.0008741756901144981,-3.356933619969027e-10,1.0,143982.0,17159.0,46311.0,0.44054731726646423,0.8161376118659973,617.0,756.0,330.8558349609375,25.79075050354004,97670.0,5.069287300109863,5.065256118774414,0.09374915063381195,8000000,17.884953330003555
-0.0009425212047062814,9.15527320621834e-10,1.0,145621.0,17295.0,47014.0,0.43603113293647766,0.8059896230697632,619.0,768.0,326.8802185058594,25.739295959472656,98606.0,5.175609111785889,5.171600818634033,0.09427455812692642,8250000,18.426279024004543
-0.0008798611233942211,2.7465821283989555e-10,1.0,146817.0,17471.0,47140.0,0.41782844066619873,0.8005182147026062,618.0,772.0,324.7513122558594,25.656147003173828,99677.0,5.171751976013184,5.168274879455566,0.09602884203195572,8500000,18.968105064004703
-0.0008094976656138897,-9.765624975344167e-10,1.0,148288.0,17540.0,47997.0,0.4082217812538147,0.7807692289352417,609.0,780.0,320.7718200683594,25.425256729125977,100290.0,5.179253578186035,5.174020767211914,0.10521180927753448,8750000,19.525906069004122
-0.0007521438528783619,9.15527320621834e-10,1.0,147186.0,17640.0,47152.0,0.41366222500801086,0.8191214799880981,634.0,774.0,322.7403259277344,25.90221405029297,100034.0,5.203977584838867,5.201663970947266,0.09145644307136536,9000000,20.070241070005068
-0.0008893039776012301,9.15527320621834e-10,1.0,147453.0,17539.0,47128.0,0.4124470353126526,0.820181131362915,634.0,773.0,322.3208312988281,25.81463050842285,100324.0,5.192260265350342,5.18912410736084,0.0911349207162857,9250000,20.610702991005383
-0.000812570855487138,5.493164256797911e-10,1.0,147324.0,17586.0,46987.0,0.41012656688690186,0.824742317199707,640.0,776.0,321.47296142578125,25.927976608276367,100337.0,5.218881130218506,5.216965675354004,0.09190256893634796,9500000,21.159495362006055
-0.000771834165789187,-1.7013549458155808e-09,1.0,148944.0,17787.0,47672.0,0.4084932506084442,0.8002527952194214,633.0,791.0,316.3931579589844,25.55665397644043,101272.0,5.268307209014893,5.26065731048584,0.10053184628486633,9750000,21.70576976200573
-0.000797205837443471,-3.051757804795052e-11,1.0,149219.0,17920.0,47579.0,0.40475380420684814,0.8263090252876282,647.0,783.0,316.7675476074219,25.885610580444336,101639.0,5.298325061798096,5.294416904449463,0.08820360153913498,10000000,22.251081294005417
-0.0007389148813672364,-3.9672851115390984e-10,1.0,149201.0,17861.0,47521.0,0.3989574611186981,0.850649356842041,655.0,770.0,327.7934875488281,26.259811401367188,101679.0,5.323853969573975,5.321288585662842,0.07863663136959076,10250000,22.80667730600544
-0.0009262153180316091,-3.6621095045319407e-10,1.0,150457.0,18062.0,47888.0,0.39640891551971436,0.8264150619506836,657.0,795.0,313.90313720703125,25.869949340820312,102568.0,5.362973213195801,5.358779430389404,0.09181568026542664,10500000,23.346320737005954
-0.0006863989983685315,-1.2207030941624453e-09,1.0,150709.0,18159.0,47682.0,0.39356327056884766,0.8192020058631897,657.0,802.0,311.0910339355469,25.808887481689453,103027.0,5.34962797164917,5.34603214263916,0.09342889487743378,10750000,23.884969129005185
-0.0006639037746936083,-3.2348632661438614e-09,1.0,150162.0,18010.0,47766.0,0.403344988822937,0.8048469424247742,631.0,784.0,311.57269287109375,25.67104148864746,102396.0,5.317957401275635,5.314943790435791,0.10120639204978943,11000000,24.431104674005837
-0.0007385440985672176,-1.4801024850186195e-09,1.0,149768.0,17959.0,47557.0,0.3996848165988922,0.8202247023582458,657.0,801.0,312.6254577636719,25.839847564697266,102211.0,5.307928562164307,5.306327819824219,0.09240365773439407,11250000,24.9876964980067
-0.0007721923175267875,-1.4190674191283392e-09,1.0,150269.0,17989.0,47648.0,0.4107559621334076,0.7834793925285339,626.0,799.0,307.929931640625,25.37513542175293,102621.0,5.282226085662842,5.2783684730529785,0.10489525645971298,11500000,25.529497636007363
-0.0007996801869012415,-2.136230498051006e-10,1.0,149958.0,18110.0,47121.0,0.4122445583343506,0.8220551609992981,656.0,798.0,317.12030029296875,25.896392822265625,102835.0,5.270228862762451,5.2685346603393555,0.09448354691267014,11750000,26.073956084008387
-0.0007993800682015717,-2.1209716205561335e-09,1.0,150676.0,18109.0,47666.0,0.41062620282173157,0.8136882185935974,642.0,789.0,318.97210693359375,25.865062713623047,103010.0,5.314272880554199,5.310582637786865,0.09067583084106445,12000000,26.610951776008733
-0.000606527435593307,1.2969970930587493e-10,1.0,149987.0,18041.0,47435.0,0.41588127613067627,0.7964823842048645,634.0,796.0,316.00250244140625,25.647668838500977,102552.0,5.283158779144287,5.279776096343994,0.10253852605819702,12250000,27.146719805008615
-0.0009270593291148543,-3.6621095045319407e-10,1.0,149236.0,18041.0,46837.0,0.4096202850341797,0.8220551609992981,656.0,798.0,312.2631530761719,25.883140563964844,102399.0,5.2936577796936035,5.2923808097839355,0.09473174810409546,12500000,27.689005910007836
-0.0007808739319443703,3.051757735406113e-10,1.0,151811.0,18292.0,47550.0,0.39365607500076294,0.8291457295417786,660.0,796.0,319.9095458984375,26.011199951171875,104260.0,5.356461524963379,5.3560004234313965,0.09416776150465012,12750000,28.22469786300826
-0.0006701340316794813,1.4038086249001935e-09,1.0,151399.0,18282.0,47562.0,0.3969104588031769,0.8231630921363831,661.0,803.0,309.16436767578125,25.817411422729492,103836.0,5.368728160858154,5.366030216217041,0.09432033449411392,13000000,28.76319331000741
-0.0006432913360185921,-1.4038086249001935e-09,1.0,151298.0,18222.0,47448.0,0.406145840883255,0.8530510067939758,685.0,803.0,312.0311279296875,26.0866756439209,103848.0,5.350413799285889,5.348423957824707,0.0878007784485817,13250000,29.30540765000842
-0.0006526917568407953,-1.1291504398158736e-09,1.0,152573.0,18537.0,47760.0,0.39119237661361694,0.8068880438804626,656.0,813.0,310.034423828125,25.6745548248291,104813.0,5.40579891204834,5.403446197509766,0.10116952657699585,13500000,29.84387780300858
-0.0008003826369531453,2.243041974381299e-09,1.0,152382.0,18467.0,47551.0,0.3906201124191284,0.8471177816390991,676.0,798.0,308.2794494628906,25.991683959960938,104830.0,5.403293132781982,5.403194904327393,0.08950897306203842,13750000,30.410342942008356
-0.0007840823964215815,4.577636880664926e-11,1.0,153491.0,18571.0,48041.0,0.38280412554740906,0.829447865486145,676.0,815.0,305.8625793457031,25.95018768310547,105449.0,5.472089767456055,5.468974590301514,0.09418773651123047,14000000,30.979489318009655
-0.000653826748020947,-1.0986328513595822e-09,1.0,152248.0,18327.0,47771.0,0.391672819852829,0.8174999952316284,654.0,800.0,313.2174987792969,25.79766082763672,104477.0,5.33593225479126,5.334592342376709,0.09911772608757019,14250000,31.51641898600792
-0.0005988788325339556,1.0986328513595822e-09,1.0,152978.0,18523.0,47727.0,0.3810567855834961,0.8218672871589661,669.0,814.0,306.9594421386719,25.910842895507812,105250.0,5.38102388381958,5.380528926849365,0.09468482434749603,14500000,32.07305024200832
-0.0005941700073890388,-8.544921992204024e-10,1.0,153059.0,18450.0,47978.0,0.3821297287940979,0.8092345595359802,666.0,823.0,305.8019714355469,25.79825782775879,105080.0,5.37049674987793,5.36936092376709,0.10142967849969864,14750000,32.615034439008014
-0.0008448583539575338,-2.441406243836042e-10,1.0,154439.0,18703.0,48349.0,0.38098469376564026,0.8265682458877563,672.0,813.0,306.91143798828125,25.878143310546875,106089.0,5.4499969482421875,5.4491682052612305,0.09504224359989166,15000000,33.157813886009535
-0.0007311776280403137,6.40869135537514e-10,1.0,155924.0,18767.0,48723.0,0.37163615226745605,0.8203883767127991,676.0,824.0,306.8155517578125,25.78096580505371,107201.0,5.456211090087891,5.454463005065918,0.1031731516122818,15250000,33.70515346500906
-0.0006867116317152977,5.493164256797911e-10,1.0,156777.0,18980.0,48992.0,0.3593807816505432,0.8201438784599304,684.0,834.0,299.2350158691406,25.74830436706543,107785.0,5.473229885101318,5.471654891967773,0.09963933378458023,15500000,34.24175469500915
-0.0006105216452851892,2.441406243836042e-10,1.0,156125.0,18880.0,48609.0,0.3627403676509857,0.8512195348739624,698.0,820.0,301.7951354980469,26.072298049926758,107516.0,5.501195907592773,5.500905513763428,0.08993913233280182,15750000,34.78633997800898
-0.0005812763120047748,6.40869135537514e-10,1.0,156460.0,18909.0,49035.0,0.3544701039791107,0.8241627216339111,689.0,836.0,306.0682067871094,25.836313247680664,107425.0,5.520784854888916,5.519403457641602,0.09730695188045502,16000000,35.32828681300998
-0.0006125085055828094,5.645752199079368e-10,1.0,156794.0,18954.0,48918.0,0.34887996315956116,0.8525798320770264,694.0,814.0,301.5995178222656,26.080116271972656,107875.0,5.533583641052246,5.533115386962891,0.08747773617506027,16250000,35.869815379010106
-0.0005126332980580628,3.051757804795052e-11,1.0,158474.0,19175.0,49422.0,0.34289830923080444,0.8102445006370544,696.0,859.0,293.9080505371094,25.555225372314453,109052.0,5.564496040344238,5.560744285583496,0.10336184501647949,16500000,36.413587302009546
-0.0005693116108886898,-3.051757735406113e-10,1.0,157615.0,19140.0,49218.0,0.3452099561691284,0.8317422866821289,697.0,838.0,296.8496398925781,25.8846492767334,108396.0,5.5519914627075195,5.5518951416015625,0.1002919152379036,16750000,36.954580452009395
-0.0006788214668631554,-9.15527320621834e-10,1.0,156823.0,18994.0,48809.0,0.35416892170906067,0.8399518728256226,698.0,831.0,305.4512634277344,25.99717140197754,108012.0,5.5442047119140625,5.542358875274658,0.08584453165531158,17000000,37.506217112009836
-0.0004430021217558533,9.15527320621834e-10,1.0,157231.0,19032.0,48704.0,0.34812113642692566,0.841404378414154,695.0,826.0,301.08837890625,25.9425048828125,108527.0,5.543459892272949,5.542603015899658,0.09730381518602371,17250000,38.04927186301029
-0.0005744880181737244,1.4038086249001935e-09,1.0,158413.0,19185.0,49346.0,0.3420606553554535,0.8272189497947693,699.0,845.0,297.914794921875,25.883676528930664,109067.0,5.583371162414551,5.582192897796631,0.09472046792507172,17500000,38.589527851010644
-0.0004856152809225023,-5.03540042995354e-10,1.0,159152.0,19287.0,49634.0,0.34080466628074646,0.8095238208770752,680.0,840.0,295.3238220214844,25.59618377685547,109518.0,5.580132007598877,5.578444957733154,0.10547935217618942,17750000,39.12825359701128
-0.00047118141083046794,-5.493164256797911e-10,1.0,157896.0,19280.0,48994.0,0.35197386145591736,0.8303887248039246,705.0,849.0,296.92108154296875,25.919742584228516,108902.0,5.586915969848633,5.586875915527344,0.09659134596586227,18000000,39.667484724011956
-0.0005283776554279029,1.647949221528222e-09,1.0,158725.0,19250.0,49527.0,0.3477400243282318,0.825775682926178,692.0,838.0,296.1444091796875,25.81987762451172,109198.0,5.580875873565674,5.581346035003662,0.10470061749219894,18250000,40.2287012090128
-0.00042902110726572573,-1.8310547522659704e-10,1.0,159672.0,19315.0,49799.0,0.3388575613498688,0.8109685182571411,695.0,857.0,294.4002380371094,25.734909057617188,109872.0,5.590059757232666,5.588832855224609,0.10541307926177979,18500000,40.77318644001207
-0.0003383298171684146,4.730224545390627e-10,1.0,158583.0,19228.0,49427.0,0.33714666962623596,0.811750590801239,677.0,834.0,296.1163024902344,25.687210083007812,109156.0,5.5622639656066895,5.560863018035889,0.1043785810470581,18750000,41.32779376801227
-0.0003797336539719254,-1.2588501352439607e-09,1.0,158915.0,19263.0,49543.0,0.34090298414230347,0.8122065663337708,692.0,852.0,292.7312316894531,25.548154830932617,109372.0,5.538189888000488,5.538572788238525,0.11010078340768814,19000000,41.895180474013614
-0.0003176496538799256,-3.6621095045319407e-10,1.0,157971.0,19204.0,49071.0,0.3439827561378479,0.8347205519676208,702.0,841.0,297.07611083984375,25.93071746826172,108900.0,5.556829929351807,5.557079315185547,0.0980791449546814,19250000,42.43744257801518
-0.00023147984757088125,-1.220703121918021e-10,1.0,157985.0,19129.0,49058.0,0.34583044052124023,0.8311218619346619,689.0,829.0,296.5597229003906,25.935522079467773,108927.0,5.55756139755249,5.556883335113525,0.09142515063285828,19500000,42.991818367016094
-0.0001601999392732978,3.6621095045319407e-10,1.0,158431.0,19256.0,49521.0,0.34234267473220825,0.83042973279953,715.0,861.0,291.9976806640625,25.645952224731445,108909.0,5.547945022583008,5.547911643981934,0.10824136435985565,19750000,43.549193648017535
-4.53387365269009e-05,3.051757735406113e-10,1.0,158546.0,19097.0,49578.0,0.3470701575279236,0.8206979632377625,682.0,831.0,298.53912353515625,25.712095260620117,108968.0,5.534180164337158,5.533787250518799,0.10354459285736084,20000000,44.090687241015985
